{"cameraMode":{"drawMode":0,"name":"Shaded","section":"Shading Mode"},"sceneLighting":false,"audioPlay":false,"sceneViewState":{"m_AlwaysRefresh":false,"showFog":true,"showSkybox":false,"showFlares":true,"showImageEffects":true,"showParticleSystems":true,"showVisualEffectGraphs":true,"m_FxEnabled":true},"in2DMode":false,"pivot":{"x":-0.000006094574928283691,"y":0.149949312210083,"z":-2.5331974029541018e-7},"rotation":{"x":-0.08687178045511246,"y":0.9108154773712158,"z":-0.31838205456733706,"w":-0.2481844574213028},"size":0.7228311896324158,"orthographic":false}