{"cameraMode":{"drawMode":0,"name":"Shaded","section":"Shading Mode"},"sceneLighting":false,"audioPlay":false,"sceneViewState":{"m_AlwaysRefresh":false,"showFog":true,"showSkybox":false,"showFlares":true,"showImageEffects":true,"showParticleSystems":true,"showVisualEffectGraphs":true,"m_FxEnabled":true},"in2DMode":false,"pivot":{"x":-0.0000028014183044433595,"y":0.15649640560150147,"z":0.015000015497207642},"rotation":{"x":-0.4499499797821045,"y":0.17916032671928407,"z":-0.09266141057014466,"w":-0.8699795603752136},"size":2.751770496368408,"orthographic":false}